{"cameraMode":{"drawMode":0,"name":"Shaded","section":"Shading Mode"},"sceneLighting":false,"audioPlay":false,"sceneViewState":{"showFog":true,"showMaterialUpdate":false,"showSkybox":true,"showFlares":true,"showImageEffects":true,"showParticleSystems":true},"in2DMode":false,"pivot":{"x":6.911921977996826,"y":-1.283278226852417,"z":11.831207275390625},"rotation":{"x":0.3013361990451813,"y":-0.6664810180664063,"z":0.33964794874191286,"w":0.591302752494812},"size":8.897061347961426,"orthographic":false}