{"cameraMode":{"drawMode":0,"name":"Shaded","section":"Shading Mode"},"sceneLighting":false,"audioPlay":false,"sceneViewState":{"showFog":true,"showMaterialUpdate":false,"showSkybox":true,"showFlares":true,"showImageEffects":true,"showParticleSystems":true},"in2DMode":false,"pivot":{"x":-4.244889736175537,"y":-2.074949264526367,"z":-17.249753952026368},"rotation":{"x":0.3550150692462921,"y":-0.5343281626701355,"z":0.2632758617401123,"w":0.7205162644386292},"size":8.897061347961426,"orthographic":false}